{"classCount":1852,"maxInheritanceDepth":6,"averageInheritanceDepth":1.1981641468682505,"abcAssignmentCount":9100,"abcAverageAssignmentsPerMethod":0.823231409444545,"averageOverriddenMethodsPerClass":1.82451403887689,"averageFieldCountPerClass":1.9989200863930885}